Total Sales,Average Sales,Max Sales,Min Sales,Std Dev Sales
1805,257.85714285714283,448,120,108.23047969354047
2025,289.2857142857143,472,187,109.9944339964713
2397,342.42857142857144,459,230,90.98172052334334
2339,334.14285714285717,485,121,111.47123725290699
1993,284.7142857142857,444,148,98.14524846327696
